{
  "xgb": {
    "colsample_bytree": 0.9533121035675474,
    "gamma": 0.16217251050263698,
    "learning_rate": 0.046626386410202,
    "max_depth": 3,
    "min_child_weight": 6,
    "n_estimators": 178,
    "reg_alpha": 0.22793516254194168,
    "reg_lambda": 0.4271077886262563,
    "subsample": 0.9272059063689972
  },
  "rf": {
    "bootstrap": true,
    "criterion": "entropy",
    "max_depth": 17,
    "max_features": null,
    "min_samples_leaf": 8,
    "min_samples_split": 16,
    "n_estimators": 84
  },
  "lgb": {
    "colsample_bytree": 0.7297380084021096,
    "learning_rate": 0.046626386410202,
    "max_depth": 3,
    "min_child_samples": 43,
    "n_estimators": 178,
    "num_leaves": 140,
    "reg_alpha": 0.6476901205413623,
    "reg_lambda": 0.0005203769953158188,
    "subsample": 0.7410275425336676
  }
}