{
  "user_type": "general",
  "metrics": {
    "accuracy": 0.725,
    "f1_macro": 0.6369413841409285,
    "f1_weighted": 0.7170324021572361,
    "confusion_matrix": [
      [
        53,
        24,
        0
      ],
      [
        18,
        87,
        2
      ],
      [
        0,
        11,
        5
      ]
    ],
    "classification_report": {
      "좋음": {
        "precision": 0.7464788732394366,
        "recall": 0.6883116883116883,
        "f1-score": 0.7162162162162162,
        "support": 77.0
      },
      "보통": {
        "precision": 0.7131147540983607,
        "recall": 0.8130841121495327,
        "f1-score": 0.759825327510917,
        "support": 107.0
      },
      "나쁨": {
        "precision": 0.7142857142857143,
        "recall": 0.3125,
        "f1-score": 0.43478260869565216,
        "support": 16.0
      },
      "accuracy": 0.725,
      "macro avg": {
        "precision": 0.7246264472078372,
        "recall": 0.6046319334870737,
        "f1-score": 0.6369413841409285,
        "support": 200.0
      },
      "weighted avg": {
        "precision": 0.726053616782663,
        "recall": 0.725,
        "f1-score": 0.7170324021572361,
        "support": 200.0
      }
    }
  },
  "feature_importance": {
    "sleep_hours": 293.0,
    "sleep_quality": 278.0,
    "heart_rate_variability": 244.0,
    "exercise_minutes": 167.0,
    "active_calories": 136.0,
    "humidity_d3": 127.0,
    "steps": 122.0,
    "humidity_d1": 122.0,
    "humidity_d0": 115.0,
    "blood_oxygen": 112.0,
    "atmospheric_pressure_d0": 111.0,
    "temperature_d7": 111.0,
    "resting_heart_rate": 109.0,
    "precipitation_d3": 105.0,
    "temperature_d3": 104.0,
    "temperature_d0": 97.0,
    "heart_rate_avg": 96.0,
    "atmospheric_pressure_d3": 96.0,
    "heart_rate_min": 95.0,
    "atmospheric_pressure_d1": 94.0,
    "heart_rate_max": 91.0,
    "stand_hours": 88.0,
    "precipitation_d1": 83.0,
    "precipitation_d7": 83.0,
    "wind_speed_d7": 82.0,
    "humidity_d7": 79.0,
    "atmospheric_pressure_d7": 78.0,
    "wind_speed_d0": 76.0,
    "precipitation_d0": 75.0,
    "wind_speed_d1": 72.0,
    "wind_speed_d3": 72.0,
    "uv_index_d3": 70.0,
    "temperature_d1": 66.0,
    "uv_index_d0": 65.0,
    "uv_index_d1": 65.0,
    "uv_index_d7": 65.0
  },
  "cv_scores": [
    0.69375,
    0.6375,
    0.7,
    0.6875,
    0.7375
  ],
  "trained_at": "2025-11-23T13:49:32.139067"
}