{
  "user_type": "student",
  "metrics": {
    "accuracy": 0.7,
    "f1_macro": 0.5791842050834858,
    "f1_weighted": 0.6679628045815096,
    "confusion_matrix": [
      [
        23,
        23,
        0
      ],
      [
        9,
        109,
        2
      ],
      [
        0,
        26,
        8
      ]
    ],
    "classification_report": {
      "좋음": {
        "precision": 0.71875,
        "recall": 0.5,
        "f1-score": 0.5897435897435898,
        "support": 46.0
      },
      "보통": {
        "precision": 0.689873417721519,
        "recall": 0.9083333333333333,
        "f1-score": 0.7841726618705036,
        "support": 120.0
      },
      "나쁨": {
        "precision": 0.8,
        "recall": 0.23529411764705882,
        "f1-score": 0.36363636363636365,
        "support": 34.0
      },
      "accuracy": 0.7,
      "macro avg": {
        "precision": 0.7362078059071729,
        "recall": 0.547875816993464,
        "f1-score": 0.5791842050834858,
        "support": 200.0
      },
      "weighted avg": {
        "precision": 0.7152365506329115,
        "recall": 0.7,
        "f1-score": 0.6679628045815096,
        "support": 200.0
      }
    }
  },
  "feature_importance": {
    "sleep_hours": 281.0,
    "sleep_quality": 252.0,
    "exercise_minutes": 225.0,
    "heart_rate_variability": 206.0,
    "steps": 158.0,
    "active_calories": 147.0,
    "stand_hours": 132.0,
    "atmospheric_pressure_d0": 132.0,
    "humidity_d0": 118.0,
    "wind_speed_d3": 113.0,
    "temperature_d3": 111.0,
    "blood_oxygen": 106.0,
    "resting_heart_rate": 105.0,
    "wind_speed_d1": 105.0,
    "humidity_d3": 103.0,
    "heart_rate_max": 101.0,
    "wind_speed_d7": 100.0,
    "heart_rate_avg": 94.0,
    "uv_index_d1": 94.0,
    "humidity_d7": 94.0,
    "atmospheric_pressure_d7": 91.0,
    "temperature_d0": 88.0,
    "precipitation_d1": 85.0,
    "uv_index_d3": 85.0,
    "uv_index_d7": 83.0,
    "temperature_d7": 81.0,
    "precipitation_d3": 80.0,
    "precipitation_d7": 80.0,
    "heart_rate_min": 79.0,
    "precipitation_d0": 78.0,
    "atmospheric_pressure_d3": 74.0,
    "atmospheric_pressure_d1": 69.0,
    "humidity_d1": 68.0,
    "wind_speed_d0": 64.0,
    "temperature_d1": 54.0,
    "uv_index_d0": 51.0
  },
  "cv_scores": [
    0.7125,
    0.675,
    0.68125,
    0.70625,
    0.6625
  ],
  "trained_at": "2025-11-23T13:49:25.679476"
}