{
  "student": {
    "user_type": "student",
    "metrics": {
      "accuracy": 0.7,
      "f1_macro": 0.5791842050834858,
      "f1_weighted": 0.6679628045815096,
      "confusion_matrix": [
        [
          23,
          23,
          0
        ],
        [
          9,
          109,
          2
        ],
        [
          0,
          26,
          8
        ]
      ],
      "classification_report": {
        "좋음": {
          "precision": 0.71875,
          "recall": 0.5,
          "f1-score": 0.5897435897435898,
          "support": 46.0
        },
        "보통": {
          "precision": 0.689873417721519,
          "recall": 0.9083333333333333,
          "f1-score": 0.7841726618705036,
          "support": 120.0
        },
        "나쁨": {
          "precision": 0.8,
          "recall": 0.23529411764705882,
          "f1-score": 0.36363636363636365,
          "support": 34.0
        },
        "accuracy": 0.7,
        "macro avg": {
          "precision": 0.7362078059071729,
          "recall": 0.547875816993464,
          "f1-score": 0.5791842050834858,
          "support": 200.0
        },
        "weighted avg": {
          "precision": 0.7152365506329115,
          "recall": 0.7,
          "f1-score": 0.6679628045815096,
          "support": 200.0
        }
      }
    },
    "feature_importance": {
      "sleep_hours": 281.0,
      "sleep_quality": 252.0,
      "exercise_minutes": 225.0,
      "heart_rate_variability": 206.0,
      "steps": 158.0,
      "active_calories": 147.0,
      "stand_hours": 132.0,
      "atmospheric_pressure_d0": 132.0,
      "humidity_d0": 118.0,
      "wind_speed_d3": 113.0,
      "temperature_d3": 111.0,
      "blood_oxygen": 106.0,
      "resting_heart_rate": 105.0,
      "wind_speed_d1": 105.0,
      "humidity_d3": 103.0,
      "heart_rate_max": 101.0,
      "wind_speed_d7": 100.0,
      "heart_rate_avg": 94.0,
      "uv_index_d1": 94.0,
      "humidity_d7": 94.0,
      "atmospheric_pressure_d7": 91.0,
      "temperature_d0": 88.0,
      "precipitation_d1": 85.0,
      "uv_index_d3": 85.0,
      "uv_index_d7": 83.0,
      "temperature_d7": 81.0,
      "precipitation_d3": 80.0,
      "precipitation_d7": 80.0,
      "heart_rate_min": 79.0,
      "precipitation_d0": 78.0,
      "atmospheric_pressure_d3": 74.0,
      "atmospheric_pressure_d1": 69.0,
      "humidity_d1": 68.0,
      "wind_speed_d0": 64.0,
      "temperature_d1": 54.0,
      "uv_index_d0": 51.0
    },
    "cv_scores": [
      0.7125,
      0.675,
      0.68125,
      0.70625,
      0.6625
    ],
    "trained_at": "2025-11-23T13:49:25.679476"
  },
  "worker": {
    "user_type": "worker",
    "metrics": {
      "accuracy": 0.705,
      "f1_macro": 0.543074396943417,
      "f1_weighted": 0.6691515678177269,
      "confusion_matrix": [
        [
          25,
          25,
          0
        ],
        [
          8,
          112,
          3
        ],
        [
          0,
          23,
          4
        ]
      ],
      "classification_report": {
        "좋음": {
          "precision": 0.7575757575757576,
          "recall": 0.5,
          "f1-score": 0.6024096385542169,
          "support": 50.0
        },
        "보통": {
          "precision": 0.7,
          "recall": 0.9105691056910569,
          "f1-score": 0.7915194346289752,
          "support": 123.0
        },
        "나쁨": {
          "precision": 0.5714285714285714,
          "recall": 0.14814814814814814,
          "f1-score": 0.23529411764705882,
          "support": 27.0
        },
        "accuracy": 0.705,
        "macro avg": {
          "precision": 0.6763347763347763,
          "recall": 0.5195724179464017,
          "f1-score": 0.543074396943417,
          "support": 200.0
        },
        "weighted avg": {
          "precision": 0.6970367965367964,
          "recall": 0.705,
          "f1-score": 0.6691515678177269,
          "support": 200.0
        }
      }
    },
    "feature_importance": {
      "sleep_hours": 260.0,
      "sleep_quality": 235.0,
      "exercise_minutes": 230.0,
      "heart_rate_variability": 210.0,
      "stand_hours": 173.0,
      "blood_oxygen": 144.0,
      "atmospheric_pressure_d3": 128.0,
      "humidity_d0": 123.0,
      "heart_rate_max": 122.0,
      "wind_speed_d7": 114.0,
      "humidity_d7": 104.0,
      "atmospheric_pressure_d0": 102.0,
      "active_calories": 94.0,
      "humidity_d3": 93.0,
      "atmospheric_pressure_d1": 91.0,
      "resting_heart_rate": 89.0,
      "heart_rate_avg": 85.0,
      "steps": 85.0,
      "precipitation_d0": 85.0,
      "temperature_d0": 81.0,
      "atmospheric_pressure_d7": 79.0,
      "precipitation_d1": 76.0,
      "uv_index_d0": 74.0,
      "temperature_d3": 74.0,
      "precipitation_d3": 74.0,
      "wind_speed_d1": 72.0,
      "wind_speed_d3": 72.0,
      "wind_speed_d0": 69.0,
      "uv_index_d1": 69.0,
      "temperature_d1": 65.0,
      "heart_rate_min": 64.0,
      "temperature_d7": 61.0,
      "uv_index_d3": 60.0,
      "uv_index_d7": 53.0,
      "precipitation_d7": 49.0,
      "humidity_d1": 43.0
    },
    "cv_scores": [
      0.68125,
      0.675,
      0.68125,
      0.68125,
      0.65625
    ],
    "trained_at": "2025-11-23T13:49:28.897417"
  },
  "general": {
    "user_type": "general",
    "metrics": {
      "accuracy": 0.725,
      "f1_macro": 0.6369413841409285,
      "f1_weighted": 0.7170324021572361,
      "confusion_matrix": [
        [
          53,
          24,
          0
        ],
        [
          18,
          87,
          2
        ],
        [
          0,
          11,
          5
        ]
      ],
      "classification_report": {
        "좋음": {
          "precision": 0.7464788732394366,
          "recall": 0.6883116883116883,
          "f1-score": 0.7162162162162162,
          "support": 77.0
        },
        "보통": {
          "precision": 0.7131147540983607,
          "recall": 0.8130841121495327,
          "f1-score": 0.759825327510917,
          "support": 107.0
        },
        "나쁨": {
          "precision": 0.7142857142857143,
          "recall": 0.3125,
          "f1-score": 0.43478260869565216,
          "support": 16.0
        },
        "accuracy": 0.725,
        "macro avg": {
          "precision": 0.7246264472078372,
          "recall": 0.6046319334870737,
          "f1-score": 0.6369413841409285,
          "support": 200.0
        },
        "weighted avg": {
          "precision": 0.726053616782663,
          "recall": 0.725,
          "f1-score": 0.7170324021572361,
          "support": 200.0
        }
      }
    },
    "feature_importance": {
      "sleep_hours": 293.0,
      "sleep_quality": 278.0,
      "heart_rate_variability": 244.0,
      "exercise_minutes": 167.0,
      "active_calories": 136.0,
      "humidity_d3": 127.0,
      "steps": 122.0,
      "humidity_d1": 122.0,
      "humidity_d0": 115.0,
      "blood_oxygen": 112.0,
      "atmospheric_pressure_d0": 111.0,
      "temperature_d7": 111.0,
      "resting_heart_rate": 109.0,
      "precipitation_d3": 105.0,
      "temperature_d3": 104.0,
      "temperature_d0": 97.0,
      "heart_rate_avg": 96.0,
      "atmospheric_pressure_d3": 96.0,
      "heart_rate_min": 95.0,
      "atmospheric_pressure_d1": 94.0,
      "heart_rate_max": 91.0,
      "stand_hours": 88.0,
      "precipitation_d1": 83.0,
      "precipitation_d7": 83.0,
      "wind_speed_d7": 82.0,
      "humidity_d7": 79.0,
      "atmospheric_pressure_d7": 78.0,
      "wind_speed_d0": 76.0,
      "precipitation_d0": 75.0,
      "wind_speed_d1": 72.0,
      "wind_speed_d3": 72.0,
      "uv_index_d3": 70.0,
      "temperature_d1": 66.0,
      "uv_index_d0": 65.0,
      "uv_index_d1": 65.0,
      "uv_index_d7": 65.0
    },
    "cv_scores": [
      0.69375,
      0.6375,
      0.7,
      0.6875,
      0.7375
    ],
    "trained_at": "2025-11-23T13:49:32.139067"
  }
}