{
  "xgb": {
    "colsample_bytree": 0.749816047538945,
    "gamma": 0.4753571532049581,
    "learning_rate": 0.22959818254342154,
    "max_depth": 7,
    "min_child_weight": 5,
    "n_estimators": 152,
    "reg_alpha": 0.44583275285359114,
    "reg_lambda": 0.09997491581800289,
    "subsample": 0.7836995567863468
  },
  "rf": {
    "bootstrap": true,
    "criterion": "gini",
    "max_depth": 13,
    "max_features": null,
    "min_samples_leaf": 8,
    "min_samples_split": 5,
    "n_estimators": 153
  },
  "lgb": {
    "colsample_bytree": 0.6644885149016018,
    "learning_rate": 0.2889092957027719,
    "max_depth": 7,
    "min_child_samples": 10,
    "n_estimators": 77,
    "num_leaves": 47,
    "reg_alpha": 0.2184404372168336,
    "reg_lambda": 0.4165099478703662,
    "subsample": 0.9533121035675474
  }
}