{
  "user_type": "worker",
  "metrics": {
    "accuracy": 0.705,
    "f1_macro": 0.543074396943417,
    "f1_weighted": 0.6691515678177269,
    "confusion_matrix": [
      [
        25,
        25,
        0
      ],
      [
        8,
        112,
        3
      ],
      [
        0,
        23,
        4
      ]
    ],
    "classification_report": {
      "좋음": {
        "precision": 0.7575757575757576,
        "recall": 0.5,
        "f1-score": 0.6024096385542169,
        "support": 50.0
      },
      "보통": {
        "precision": 0.7,
        "recall": 0.9105691056910569,
        "f1-score": 0.7915194346289752,
        "support": 123.0
      },
      "나쁨": {
        "precision": 0.5714285714285714,
        "recall": 0.14814814814814814,
        "f1-score": 0.23529411764705882,
        "support": 27.0
      },
      "accuracy": 0.705,
      "macro avg": {
        "precision": 0.6763347763347763,
        "recall": 0.5195724179464017,
        "f1-score": 0.543074396943417,
        "support": 200.0
      },
      "weighted avg": {
        "precision": 0.6970367965367964,
        "recall": 0.705,
        "f1-score": 0.6691515678177269,
        "support": 200.0
      }
    }
  },
  "feature_importance": {
    "sleep_hours": 260.0,
    "sleep_quality": 235.0,
    "exercise_minutes": 230.0,
    "heart_rate_variability": 210.0,
    "stand_hours": 173.0,
    "blood_oxygen": 144.0,
    "atmospheric_pressure_d3": 128.0,
    "humidity_d0": 123.0,
    "heart_rate_max": 122.0,
    "wind_speed_d7": 114.0,
    "humidity_d7": 104.0,
    "atmospheric_pressure_d0": 102.0,
    "active_calories": 94.0,
    "humidity_d3": 93.0,
    "atmospheric_pressure_d1": 91.0,
    "resting_heart_rate": 89.0,
    "heart_rate_avg": 85.0,
    "steps": 85.0,
    "precipitation_d0": 85.0,
    "temperature_d0": 81.0,
    "atmospheric_pressure_d7": 79.0,
    "precipitation_d1": 76.0,
    "uv_index_d0": 74.0,
    "temperature_d3": 74.0,
    "precipitation_d3": 74.0,
    "wind_speed_d1": 72.0,
    "wind_speed_d3": 72.0,
    "wind_speed_d0": 69.0,
    "uv_index_d1": 69.0,
    "temperature_d1": 65.0,
    "heart_rate_min": 64.0,
    "temperature_d7": 61.0,
    "uv_index_d3": 60.0,
    "uv_index_d7": 53.0,
    "precipitation_d7": 49.0,
    "humidity_d1": 43.0
  },
  "cv_scores": [
    0.68125,
    0.675,
    0.68125,
    0.68125,
    0.65625
  ],
  "trained_at": "2025-11-23T13:49:28.897417"
}